<?xml version="1.0" encoding="UTF-8"?>
<metadata xml:lang="pt"><Esri><CreaDate>20151129</CreaDate><CreaTime>15591900</CreaTime><ArcGISFormat>1.0</ArcGISFormat><SyncOnce>TRUE</SyncOnce><DataProperties><itemProps><itemLocation><linkage Sync="TRUE">file://\\psf\Home\Documents\UNIVILLE\Projeto Babitonga Ativa\Base Final\Limites\Limite_municípios_baía_babitonga</linkage><protocol Sync="TRUE">Local Area Network</protocol></itemLocation></itemProps><copyHistory><copy source="\\psf\Home\Documents\UNIVILLE\Projeto Babitonga Ativa\Base Final\Limite_municípios_baía_babitonga" dest="\\psf\Home\Documents\UNIVILLE\Projeto Babitonga Ativa\Base Final\Limites\Limite_municípios_baía_babitonga" date="20151129" time="15591900"></copy></copyHistory></DataProperties></Esri></metadata>
